Revisions,Reviewer,AddedLines,DeletedLines,Messages,TimeToMerge,Nbfiles,Comments,Description
2,6,2,2,12,24.5425,2,0,41
1,4,8,0,8,24.526666666666667,1,0,44
1,4,84,0,8,1.5325,31,1,21
1,3,1,79,7,1.3130555555555556,33,0,21
1,4,7,1,8,4.6097222222222225,2,0,43
1,3,1,1,7,0.7686111111111111,1,0,59
1,3,5,0,7,0.6711111111111111,1,0,42
1,4,3,3,11,21.803055555555556,2,0,39
1,3,1,1,7,0.5327777777777778,1,0,30
1,3,241,242,7,18.31361111111111,114,0,27
1,3,25,0,7,1.621388888888889,2,0,17
