Revisions,Reviewer,AddedLines,DeletedLines,Messages,TimeToMerge,Nbfiles,Comments,Description
2,3,95,39,11,114.86361111111111,3,0,29
1,6,1,1,9,20.346666666666668,1,0,81
3,5,21,330,14,26.46361111111111,7,0,34
2,2,2,12,9,22.611666666666668,1,0,62
1,2,1,3,7,11.346111111111112,1,0,37
1,2,1,1,7,4.635277777777778,1,0,32
2,2,6,5,9,19.345833333333335,3,0,22
