Revisions,Reviewer,AddedLines,DeletedLines,Messages,TimeToMerge,Nbfiles,Comments,Description
1,5,127,8,18,136.51,3,3,42
1,5,243,0,9,19.74138888888889,3,0,37
1,3,167,0,8,21.29111111111111,3,0,35
1,5,79,0,20,285.9947222222222,3,0,30
1,3,2,2,7,28.58388888888889,1,0,52
1,4,27,3,16,17.421666666666667,3,0,55
1,3,1,1,9,27.468333333333334,1,0,18
1,5,2,4,10,20.133333333333333,3,0,44
