Revisions,Reviewer,AddedLines,DeletedLines,Messages,TimeToMerge,Nbfiles,Comments,Description
1,5,5,6,14,3209.0983333333334,4,0,56
2,4,84,47,22,210.0536111111111,3,0,22
1,11,138,0,11,31.85388888888889,5,0,43
1,3,1,0,7,24.496944444444445,1,0,37
1,4,131,119,15,414.43916666666667,4,0,53
